"","Class","Recall","Precision","F1"
"1","1",1,0.904761904761905,0.95
"2","2",0.9,0.947368421052632,0.923076923076923
"3","3",0.933333333333333,1,0.96551724137931
