Class,Recall,Precision,F1
1,1,0.904761905,0.95
2,0.9,0.947368421,0.923076923
3,0.933333333,1,0.965517241