Class,Recall,Precision,F1
1,0.95,0.904761905,0.926829268
2,0.894736842,0.894736842,0.894736842
3,0.933333333,1,0.965517241