"","recall","precision","f1"
"1",1,1,1
"2",1,0.947368421052632,0.972972972972973
"3",0.933333333333333,1,0.96551724137931
