"","recall","precision","f1"
"1",0.91304347826087,1,0.954545454545454
"2",1,0.842105263157895,0.914285714285714
"3",0.933333333333333,1,0.96551724137931
