"","recall","precision","f1"
"1",0.88235294117647,1,0.9375
"2",1,0.925925925925926,0.961538461538461
"3",1,1,1
