"Variable","Contribution_to_PC1"
"Flavanoids",0.455552871743853
"Total phenols",0.423468747782091
"Od280/od315 of diluted wines",0.416614230439004
"Hue",0.33923014320735
"Nonflavanoid Phenols",0.321537337421737
"Proline",0.296886281924481
"Malic acid",0.277463126247971
"Magnesium",0.1482251555281
"Alcohol",0.138765881928251
"Color Intensity",0.121495336272142
